domain,sentiment_mean,sentiment_std,subjectivity_mean,subjectivity_std,counting
www.franceinfo.fr,0.060334909807394164,0.21422136856510154,0.4086517139726994,0.22847485726059752,274.0
www.huffingtonpost.fr,0.0556807559565018,0.19210117888788303,0.4001128921969427,0.23176573163170064,249.0
www.20minutes.fr,0.036196217555592554,0.1886768691002859,0.3685840494382161,0.24722060087967357,156.0
www.lavenir.net,0.07130678373516915,0.21550859211160425,0.4163155650933429,0.26593411482443347,144.0
france3-regions.franceinfo.fr,0.01849440392379786,0.2121230632017474,0.4264441700567795,0.2488558882930606,135.0
www.dhnet.be,0.09046740039893665,0.18727856170891938,0.39673596653558485,0.25361773562558604,131.0
www.ledauphine.com,0.05865313541822162,0.19445088852472237,0.4146082966363139,0.22654548336649044,116.0
www.futura-sciences.com,0.0680691926184973,0.1775893838950097,0.48321317685919457,0.18089708197964177,113.0
www.lemonde.fr,0.03600103874269429,0.17961410480611206,0.36891529992531324,0.18328406672401112,107.0
www.lalibre.be,0.078660112065354,0.21874842180795553,0.4461470022410883,0.21139285120119153,93.0
www.courrierinternational.com,0.0672882066475272,0.1723398231458367,0.3999865386903714,0.17977909971142647,82.0
www.nouvelobs.com,0.07291752344877345,0.14426664767511826,0.38952110577501203,0.20880424906016004,64.0
www.presse-citron.net,0.009631752795815301,0.21134673105002327,0.4463278735153735,0.264718986488855,64.0
www.frandroid.com,0.11251126364401297,0.19844224070112446,0.41665598619709127,0.18893077896361257,53.0
www.tuxboard.com,0.07923734739580883,0.1886364462768786,0.40084618300096697,0.2099157519191037,49.0
theconversation.com,0.07566978677351018,0.15177702432952248,0.37879881643179514,0.22236399554248548,47.0
www.challenges.fr,0.0543703772418058,0.1561019184358017,0.33973604411461555,0.171306720269578,35.0
www.journaldugeek.com,0.09748755941770648,0.14730254560750666,0.3385421176046176,0.1774899441231786,34.0
dailygeekshow.com,0.06213560569621176,0.1383518456098395,0.41996518732990595,0.16588862220246897,33.0
www.telerama.fr,0.07075550144300144,0.1584477005279072,0.3634260508010508,0.1615178392135273,30.0
www.bfmtv.com,0.02937999789562289,0.15714438101547368,0.3177259574915825,0.20816388260845137,24.0
www.lesnumeriques.com,0.21211397671442314,0.2422491020957685,0.48303622856971073,0.21335661331488126,24.0
www.sofoot.com,0.04017955529319166,0.21663723910152127,0.36068690148235605,0.24081566593842402,22.0
www.rtbf.be,0.11482048374905517,0.1641874526990742,0.35248866213151925,0.1938220128214054,21.0
www.slate.fr,0.09489688552188554,0.11800115734939053,0.41935898096612384,0.15672476477575661,21.0
rmcsport.bfmtv.com,0.027258597883597892,0.19461077057543405,0.42121130952380953,0.2227627283087788,20.0
www.numerama.com,0.15894326556380128,0.2633948770710473,0.5478009881983097,0.1949818143473015,20.0
www.globenewswire.com,0.09004361071027737,0.17042768257397706,0.30051867885201217,0.19401876925359007,15.0
www.caradisiac.com,0.17004277468563184,0.1465390295694146,0.35773139558853845,0.13361610313341446,14.0
www.lejournaldesentreprises.com,0.14446386946386947,0.09883176303004249,0.3699222999222999,0.25630487755646736,13.0
www.lexpress.fr,0.11505509641873278,0.09153370547987429,0.35199552341597795,0.1857452022271894,11.0
www.lesinrocks.com,0.14957375957375957,0.20681035610533144,0.42889112623487624,0.23014778990263204,8.0
www.phonandroid.com,0.1845887445887446,0.24004527558070302,0.313447742733457,0.1671579642598326,7.0
www.latribune.fr,0.048982683982683975,0.06309635684458602,0.24454545454545457,0.1643408888940096,7.0
www.lyonpeople.com,0.45,0.3253203549323856,0.5107142857142858,0.3685153611839966,7.0
linuxfr.org,0.28095238095238095,0.08132500607904446,0.692857142857143,0.07319250547114002,7.0
www.journaldunet.com,0.08955782312925169,0.1615751446629521,0.31945578231292515,0.21662749141240895,7.0
www.les-crises.fr,0.25542929292929295,0.3626718321301374,0.5208522727272727,0.24592710046964852,6.0
www.mediapart.fr,0.1623632154882155,0.16888910041200828,0.40911195286195284,0.325219746456959,6.0
www.france24.com,0.26317460317460317,0.17729912710916246,0.5093650793650794,0.17869409367163408,5.0
www.leprogres.fr,-0.08666666666666664,0.17986506144668035,0.5173611111111112,0.16694999066401903,4.0
www.gameblog.fr,0.12897727272727272,0.28169486209746347,0.5028409090909091,0.09542723474944306,4.0
www.jeuneafrique.com,0.04393939393939394,0.07259497120251154,0.2669507575757576,0.11088822413337646,4.0
www.turbo.fr,0.05814814814814814,0.02964351526483517,0.3134722222222222,0.151418787397584,4.0
www.opinion-internationale.com,0.04662698412698413,0.06918175941115533,0.3215873015873016,0.14984522122850263,3.0
www.leblogauto.com,0.13034511784511785,0.12389859712477017,0.47269360269360267,0.15315277738395633,3.0
www.generation-nt.com,-0.025420875420875417,0.23695446172259602,0.49612794612794614,0.3046130104701242,3.0
agriculture.gouv.fr,0.15277777777777776,0.16839382851364085,0.2833333333333333,0.25658007197234417,3.0
phototrend.fr,0.09444444444444444,0.08221471437193746,0.33888888888888885,0.09765775461803859,3.0
revue21.fr,0.09067460317460317,0.09694221907795449,0.4587301587301587,0.3221339995732023,3.0
basta.media,0.0016666666666666698,0.08187049393876757,0.3627777777777778,0.14167973795906083,3.0
la1ere.franceinfo.fr,0.047411616161616155,0.1190865255605977,0.42234848484848486,0.03887146238174136,3.0
www.iphon.fr,0.09791666666666667,0.14436763449225345,0.22812500000000002,0.03977475644174331,2.0
www.techno-science.net,0.29583333333333334,0.20623947784607635,0.5416666666666667,0.15320646925708534,2.0
korben.info,-0.38,0.09899494936611668,0.7050000000000001,0.2050609665440987,2.0
multinationales.org,-0.030059523809523814,0.25211723924448926,0.39806547619047616,0.04440462227094087,2.0
golem13.fr,-0.08515625,0.020992232566475633,0.33046875000000003,0.07844465853788263,2.0
framablog.org,0.26666666666666666,0.3299831645537222,0.46,0.056568542494923775,2.0
www.konbini.com,0.025,0.03535533905932738,0.44999999999999996,0.35355339059327373,2.0
sachachua.com,0.3,0.4242640687119285,0.4,0.5656854249492381,2.0
www.streetpress.com,-0.05,0.07071067811865477,0.075,0.10606601717798213,2.0
www.lsa-conso.fr,-0.20611111111111108,0.1736339984913633,0.3961805555555556,0.2460142342878197,2.0
blog.mondediplo.net,-0.012499999999999997,0.15909902576697318,0.4375,0.08838834764831845,2.0
www.zataz.com,-0.20166666666666666,0.42190704610797336,0.6516666666666666,0.4926177242266282,2.0
atlantico.fr,-0.02358630952380952,0.08049653089400428,0.3085565476190476,0.08281146380860309,2.0
www.acrimed.org,0.04821428571428571,0.06818529675727422,0.21279761904761907,0.30094127889784617,2.0
www.bdgest.com,0.15559027777777779,0.0354044436969098,0.44773148148148145,0.025468938692737694,2.0
www.data.gouv.fr,0.05,0.07071067811865477,0.45,0.24748737341529162,2.0
fredcavazza.net,0.0,1.0,0.0,1.0,1.0
www.macg.co,0.0,1.0,0.0,1.0,1.0
www.marcelle.media,0.0,1.0,0.0,1.0,1.0
iphoneaddict.fr,0.0,1.0,0.0,1.0,1.0
www.meta-media.fr,0.0,1.0,0.0,1.0,1.0
www.webmarketing-com.com,0.0,1.0,0.0,1.0,1.0
frustrationmagazine.fr,0.0,1.0,0.0,1.0,1.0
www.voltairenet.org,0.0,1.0,0.0,1.0,1.0
www.terrestres.org,0.0,1.0,0.0,1.0,1.0
fr.sputniknews.africa,0.0,1.0,0.0,1.0,1.0
www.usinenouvelle.com,0.0,1.0,0.0,1.0,1.0
www.puntodebreak.com,0.0,1.0,0.0,1.0,1.0
fr.globalvoices.org,0.0,1.0,0.0,1.0,1.0
www.tomshardware.fr,0.0,1.0,0.0,1.0,1.0
blogs.lesinrocks.com,0.0,1.0,0.0,1.0,1.0
www.smallbusinessbranding.com,0.0,1.0,0.0,1.0,1.0
blogautomobile.fr,0.0,1.0,0.0,1.0,1.0
www.blogdumoderateur.com,0.0,1.0,0.0,1.0,1.0
www.leparisien.fr,0.0,1.0,0.0,1.0,1.0
laviedesidees.fr,0.0,1.0,0.0,1.0,1.0
www.humanite.fr,0.0,1.0,0.0,1.0,1.0
www.contretemps.eu,0.0,1.0,0.0,1.0,1.0
www.actu-environnement.com,0.0,1.0,0.0,1.0,1.0
www.esa.int,0.0,1.0,0.0,1.0,1.0
www.estrepublicain.fr,0.0,1.0,0.0,1.0,1.0
www.01net.com,0.0,1.0,0.0,1.0,1.0
apprendre-la-photo.fr,0.0,1.0,0.0,1.0,1.0
vert.eco,0.0,1.0,0.0,1.0,1.0
vernacular.fr,0.0,1.0,0.0,1.0,1.0
www.gamekult.com,0.0,1.0,0.0,1.0,1.0
tw.news.yahoo.com,0.0,1.0,0.0,1.0,1.0
siecledigital.fr,0.0,1.0,0.0,1.0,1.0
sante.ouest-france.fr,0.0,1.0,0.0,1.0,1.0
www.igen.fr,0.0,1.0,0.0,1.0,1.0
lecri.media,0.0,1.0,0.0,1.0,1.0
regards.fr,0.0,1.0,0.0,1.0,1.0
www.justice.gouv.fr,0.0,1.0,0.0,1.0,1.0
pypi.org,0.0,1.0,0.0,1.0,1.0
projetarcadie.com,0.0,1.0,0.0,1.0,1.0
post.rlsbb.to,0.0,1.0,0.0,1.0,1.0
portail.basta.media,0.0,1.0,0.0,1.0,1.0
www.lechiffon.fr,0.0,1.0,0.0,1.0,1.0
www.legorafi.fr,0.0,1.0,0.0,1.0,1.0
lokan.fr,0.0,1.0,0.0,1.0,1.0
www.begeek.fr,0.0,1.0,0.0,1.0,1.0
lisbethmedia.com,0.0,1.0,0.0,1.0,1.0
lenouveauparadigme.fr,0.0,1.0,0.0,1.0,1.0
www.zdnet.fr,0.0,1.0,0.0,1.0,1.0
